reference,organization,amount_usd,focus_area,counties_reached,purpose
IC-2025-001,Boys & Girls Club of Brazoria County,25000,,,
IC-2025-002,"Career and Recovery Resources, Inc.",50000,,,
IC-2025-003,Family Scholar House,18000,,,
IC-2025-004,Harmony House,50000,,,
IC-2025-005,Harvest for Hungry,50000,,,
IC-2025-006,"Her Well Center, Inc.",50000,,,
IC-2025-007,HYPE Freedom School,50000,,,
IC-2025-008,Prison Entrepreneurship Program (PEP),40000,,,
IC-2025-009,Stay Tuned for the Arts,15000,,,
IC-2025-010,Target Hunger,30000,,,
IC-2025-011,The Arc of Katy,12000,,,
IC-2025-012,US Dream Academy,50000,,,
IC-2025-013,Youth Development Center,29000,,,
