external_reference,organization_name,program_slug,awarded_amount,awarded_date,grantee_contact_email,ein,grantee_contact_name,fiscal_year,status,grantee_contact_phone,notes,announcement_date,agreement_signed_date,w9_received_date,media_release_date,is_multi_year,parent_external_reference
IC-2025-001,Boys & Girls Club of Brazoria County,inspire-change,25000,2025-12-03,anewman@bgcbrazoria.org,,,2025,completed,,Category: Education. 2025 impact figure of record: 300 individuals.,,,,,,
IC-2025-002,"Career and Recovery Resources, Inc.",inspire-change,50000,2025-12-03,nkechi.agwuenu@careerandrecovery.org,,,2025,completed,,Category: Workforce. 2025 impact figure of record: 80 individuals.,,,,,,
IC-2025-003,Family Scholar House,inspire-change,18000,2025-12-03,fshgrants@familyscholarhouse.org,,,2025,completed,,Category: Workforce. 2025 impact figure of record: 175 individuals. Executive contact: info@familyscholarhouse.org.,,,,,,
IC-2025-004,Harmony House,inspire-change,50000,2025-12-03,allison_zapata@harmonyhouse.org,,,2025,completed,,Category: Criminal Justice. 2025 impact figure of record: 70 individuals. Executive contact: preston_witt@harmonyhouse.org.,,,,,,
IC-2025-005,Harvest for Hungry,inspire-change,50000,2025-12-03,gluna@harvestforthehungrytexas.org,,,2025,completed,,"Category: Basic Needs. 2025 impact figure of record: 1,300 individuals. Executive contact: rbroom@harvestforthehungrytexas.org.",,,,,,
IC-2025-006,"Her Well Center, Inc.",inspire-change,50000,2025-12-03,creyes@herwell.org,,,2025,completed,,Category: Community Resource. 2025 impact figure of record: 168 individuals.,,,,,,
IC-2025-007,HYPE Freedom School,inspire-change,50000,2025-12-03,brandi@hypefs.org,,,2025,completed,,Category: Education. 2025 impact figure of record: 75 individuals.,,,,,,
IC-2025-008,Prison Entrepreneurship Program (PEP),inspire-change,40000,2025-12-03,mriley@pep.org,,,2025,completed,,Category: Criminal Justice. 2025 impact figure of record: 300 individuals. Executive contact: cvalka@pep.org.,,,,,,
IC-2025-009,Stay Tuned for the Arts,inspire-change,15000,2025-12-03,donate@staytunedforvets.org,,,2025,completed,,"Category: Veterans. 2025 impact figure of record: 3,000 individuals.",,,,,,
IC-2025-010,Target Hunger,inspire-change,30000,2025-12-03,hannah@targethunger.org,,,2025,completed,,"Category: Basic Needs. 2025 impact figure of record: 24,000 individuals. Executive contact: sandra.wicoff@targethunger.org.",,,,,,
IC-2025-011,The Arc of Katy,inspire-change,12000,2025-12-03,saugust@thearcofkaty.org,,,2025,completed,,Category: Education. 2025 impact figure of record: 10 individuals.,,,,,,
IC-2025-012,US Dream Academy,inspire-change,50000,2025-12-03,whull@usdreamacademy.org,,,2025,completed,,Category: Education. 2025 impact figure of record: 80 individuals.,,,,,,
IC-2025-013,Youth Development Center,inspire-change,29000,2025-12-03,bhuff@ydc.org,,,2025,completed,,Category: Education. 2025 impact figure of record: 80 individuals. Executive contact: cphillips@ydc.org.,,,,,,
